{"best_model": "XGBoost", "accuracy": 0.970128148475475, "cv_score": 0.9702367221088648}